<?xml version="1.0" encoding="UTF-8" ?>
<!DOCTYPE mapper PUBLIC "-//mybatis.org//DTD Mapper 3.0//EN" "http://mybatis.org/dtd/mybatis-3-mapper.dtd" >
<mapper namespace="com.vipshop.adp.common.dao.AdpStoreInfoMapper" >
  <resultMap id="BaseResultMap" type="com.vipshop.adp.common.entity.AdpStoreInfo" >
    <id column="id" property="id" jdbcType="BIGINT" />
    <result column="user_id" property="userId" jdbcType="BIGINT" />
    <result column="portrait_url" property="portraitUrl" jdbcType="VARCHAR" />
    <result column="store_name" property="storeName" jdbcType="VARCHAR" />
    <result column="store_brief" property="storeBrief" jdbcType="VARCHAR" />
    <result column="bg_img_url" property="bgImgUrl" jdbcType="VARCHAR" />
    <result column="is_active" property="isActive" jdbcType="TINYINT" />
    <result column="is_deleted" property="isDeleted" jdbcType="TINYINT" />
    <result column="create_by" property="createBy" jdbcType="BIGINT" />
    <result column="create_time" property="createTime" jdbcType="TIMESTAMP" />
    <result column="update_by" property="updateBy" jdbcType="BIGINT" />
    <result column="update_time" property="updateTime" jdbcType="TIMESTAMP" />
  </resultMap>
  <sql id="Base_Column_List" >
    id, user_id, portrait_url, store_name, store_brief, bg_img_url, is_active, is_deleted, 
    create_by, create_time, update_by, update_time
  </sql>
  <select resultMap="BaseResultMap" parameterType="java.lang.Long" id="selectById" >
    select 
    <include refid="Base_Column_List" />
    from adp_store_info
    where id = #{id,jdbcType=BIGINT}
  </select>
  <delete parameterType="java.lang.Long" id="deleteById" >
    delete from adp_store_info
    where id = #{id,jdbcType=BIGINT}
  </delete>
  <insert id="insert" parameterType="com.vipshop.adp.common.entity.AdpStoreInfo" useGeneratedKeys="true" keyProperty="id" >
    insert into adp_store_info (user_id, portrait_url, store_name, 
      store_brief, bg_img_url, is_active, 
      is_deleted, create_by, create_time, 
      update_by, update_time)
    values (#{userId,jdbcType=BIGINT}, #{portraitUrl,jdbcType=VARCHAR}, #{storeName,jdbcType=VARCHAR}, 
      #{storeBrief,jdbcType=VARCHAR}, #{bgImgUrl,jdbcType=VARCHAR}, #{isActive,jdbcType=TINYINT}, 
      #{isDeleted,jdbcType=TINYINT}, #{createBy,jdbcType=BIGINT}, #{createTime,jdbcType=TIMESTAMP}, 
      #{updateBy,jdbcType=BIGINT}, #{updateTime,jdbcType=TIMESTAMP})
  </insert>
  <insert parameterType="com.vipshop.adp.common.entity.AdpStoreInfo" useGeneratedKeys="true" keyProperty="id" id="insertSelective" >
    insert into adp_store_info
    <trim prefix="(" suffix=")" suffixOverrides="," >
      <if test="userId != null" >
        user_id,
      </if>
      <if test="portraitUrl != null" >
        portrait_url,
      </if>
      <if test="storeName != null" >
        store_name,
      </if>
      <if test="storeBrief != null" >
        store_brief,
      </if>
      <if test="bgImgUrl != null" >
        bg_img_url,
      </if>
      <if test="isActive != null" >
        is_active,
      </if>
      <if test="isDeleted != null" >
        is_deleted,
      </if>
      <if test="createBy != null" >
        create_by,
      </if>
      <if test="createTime != null" >
        create_time,
      </if>
      <if test="updateBy != null" >
        update_by,
      </if>
      <if test="updateTime != null" >
        update_time,
      </if>
    </trim>
    <trim prefix="values (" suffix=")" suffixOverrides="," >
      <if test="userId != null" >
        #{userId,jdbcType=BIGINT},
      </if>
      <if test="portraitUrl != null" >
        #{portraitUrl,jdbcType=VARCHAR},
      </if>
      <if test="storeName != null" >
        #{storeName,jdbcType=VARCHAR},
      </if>
      <if test="storeBrief != null" >
        #{storeBrief,jdbcType=VARCHAR},
      </if>
      <if test="bgImgUrl != null" >
        #{bgImgUrl,jdbcType=VARCHAR},
      </if>
      <if test="isActive != null" >
        #{isActive,jdbcType=TINYINT},
      </if>
      <if test="isDeleted != null" >
        #{isDeleted,jdbcType=TINYINT},
      </if>
      <if test="createBy != null" >
        #{createBy,jdbcType=BIGINT},
      </if>
      <if test="createTime != null" >
        #{createTime,jdbcType=TIMESTAMP},
      </if>
      <if test="updateBy != null" >
        #{updateBy,jdbcType=BIGINT},
      </if>
      <if test="updateTime != null" >
        #{updateTime,jdbcType=TIMESTAMP},
      </if>
    </trim>
  </insert>
  <update parameterType="com.vipshop.adp.common.entity.AdpStoreInfo" id="updateSelective" >
    update adp_store_info
    <set >
      <if test="userId != null" >
        user_id = #{userId,jdbcType=BIGINT},
      </if>
      <if test="portraitUrl != null" >
        portrait_url = #{portraitUrl,jdbcType=VARCHAR},
      </if>
      <if test="storeName != null" >
        store_name = #{storeName,jdbcType=VARCHAR},
      </if>
      <if test="storeBrief != null" >
        store_brief = #{storeBrief,jdbcType=VARCHAR},
      </if>
      <if test="bgImgUrl != null" >
        bg_img_url = #{bgImgUrl,jdbcType=VARCHAR},
      </if>
      <if test="isActive != null" >
        is_active = #{isActive,jdbcType=TINYINT},
      </if>
      <if test="isDeleted != null" >
        is_deleted = #{isDeleted,jdbcType=TINYINT},
      </if>
      <if test="createBy != null" >
        create_by = #{createBy,jdbcType=BIGINT},
      </if>
      <if test="createTime != null" >
        create_time = #{createTime,jdbcType=TIMESTAMP},
      </if>
      <if test="updateBy != null" >
        update_by = #{updateBy,jdbcType=BIGINT},
      </if>
      <if test="updateTime != null" >
        update_time = #{updateTime,jdbcType=TIMESTAMP},
      </if>
    </set>
    where id = #{id,jdbcType=BIGINT}
  </update>
  <update parameterType="com.vipshop.adp.common.entity.AdpStoreInfo" id="update" >
    update adp_store_info
    set user_id = #{userId,jdbcType=BIGINT},
      portrait_url = #{portraitUrl,jdbcType=VARCHAR},
      store_name = #{storeName,jdbcType=VARCHAR},
      store_brief = #{storeBrief,jdbcType=VARCHAR},
      bg_img_url = #{bgImgUrl,jdbcType=VARCHAR},
      is_active = #{isActive,jdbcType=TINYINT},
      is_deleted = #{isDeleted,jdbcType=TINYINT},
      create_by = #{createBy,jdbcType=BIGINT},
      create_time = #{createTime,jdbcType=TIMESTAMP},
      update_by = #{updateBy,jdbcType=BIGINT},
      update_time = #{updateTime,jdbcType=TIMESTAMP}
    where id = #{id,jdbcType=BIGINT}
  </update>
  <delete id="deleteByFeature" parameterType="com.vipshop.adp.common.entity.AdpStoreInfo" >
    delete from adp_store_info
	<where> 
	      <if test="id != null" >
          and id = #{id,jdbcType=BIGINT}
    </if>
    <if test="userId != null" >
          and user_id = #{userId,jdbcType=BIGINT}
    </if>
    <if test="portraitUrl != null" >
          and portrait_url = #{portraitUrl,jdbcType=VARCHAR}
    </if>
    <if test="storeName != null" >
          and store_name = #{storeName,jdbcType=VARCHAR}
    </if>
    <if test="storeBrief != null" >
          and store_brief = #{storeBrief,jdbcType=VARCHAR}
    </if>
    <if test="bgImgUrl != null" >
          and bg_img_url = #{bgImgUrl,jdbcType=VARCHAR}
    </if>
    <if test="isActive != null" >
          and is_active = #{isActive,jdbcType=TINYINT}
    </if>
    <if test="isDeleted != null" >
          and is_deleted = #{isDeleted,jdbcType=TINYINT}
    </if>
    <if test="createBy != null" >
          and create_by = #{createBy,jdbcType=BIGINT}
    </if>
    <if test="createTime != null" >
          and create_time = #{createTime,jdbcType=TIMESTAMP}
    </if>
    <if test="updateBy != null" >
          and update_by = #{updateBy,jdbcType=BIGINT}
    </if>
    <if test="updateTime != null" >
          and update_time = #{updateTime,jdbcType=TIMESTAMP}
    </if>

 </where>
    </delete>

  <select id="selectByFeature" parameterType="com.vipshop.adp.common.entity.AdpStoreInfo" resultMap="BaseResultMap">
    select
    <include refid="Base_Column_List" />
    from adp_store_info
	where 1=1
	    <if test="id != null" >
          and id = #{id,jdbcType=BIGINT}
    </if>
    <if test="userId != null" >
          and user_id = #{userId,jdbcType=BIGINT}
    </if>
    <if test="portraitUrl != null" >
          and portrait_url = #{portraitUrl,jdbcType=VARCHAR}
    </if>
    <if test="storeName != null" >
          and store_name = #{storeName,jdbcType=VARCHAR}
    </if>
    <if test="storeBrief != null" >
          and store_brief = #{storeBrief,jdbcType=VARCHAR}
    </if>
    <if test="bgImgUrl != null" >
          and bg_img_url = #{bgImgUrl,jdbcType=VARCHAR}
    </if>
    <if test="isActive != null" >
          and is_active = #{isActive,jdbcType=TINYINT}
    </if>
    <if test="isDeleted != null" >
          and is_deleted = #{isDeleted,jdbcType=TINYINT}
    </if>
    <if test="createBy != null" >
          and create_by = #{createBy,jdbcType=BIGINT}
    </if>
    <if test="createTime != null" >
          and create_time = #{createTime,jdbcType=TIMESTAMP}
    </if>
    <if test="updateBy != null" >
          and update_by = #{updateBy,jdbcType=BIGINT}
    </if>
    <if test="updateTime != null" >
          and update_time = #{updateTime,jdbcType=TIMESTAMP}
    </if>

  </select>

  <select id="selectByFieldList" parameterType="map" resultMap="BaseResultMap">
    select
    <include refid="Base_Column_List" />
    from adp_store_info
    where ${field} in
    <foreach close=")" collection="values" item="val" open="(" separator=",">
	        #{val}
  </foreach>
  </select>

<select id="selectByCriteria" resultMap="BaseResultMap" parameterType="com.vipshop.adp.common.dao.QCriteria">
		SELECT
		<include refid="Base_Column_List" />
		FROM adp_store_info
		<where>
			<if test="conditionAndRelations != null and conditionAndRelations.size() > 0">
				<foreach collection="conditionAndRelations" item="cr">
					${cr.andOr}
					<foreach collection="cr.conditions" item="c" open="(" separator="AND" close=")">
						${c.field} ${c.op}
						<choose>
							<when test="c.valueList != null">
								<foreach collection="c.valueList" item="val" separator="," open="(" close=")">
									#{val}
								</foreach>
							</when>
							<when test="c.value != null">
								#{c.value}
							</when>
						</choose>

					</foreach>

				</foreach>
			</if>
		</where>
		<if test="orderBys != null and orderBys.size() > 0">
			ORDER BY
			<foreach collection="orderBys" item="ob" separator="," >
				${ob.orderBySql}
			</foreach>
		</if>
		<if test="limit != null">
		   LIMIT #{limit}
		   <if test="offset != null">
		   OFFSET #{offset}
		   </if>
		</if>
	</select>

<select id="selectRawByCriteria" resultType="map" parameterType="com.vipshop.adp.common.dao.SelectableCriteria">
		SELECT
		<if test="selects != null"> 
			${selects} 
		</if> 
		<if test="selects == null"> 
			<include refid="Base_Column_List" /> 
		</if> 
		FROM adp_store_info
		<where>
			<if test="conditionAndRelations != null and conditionAndRelations.size() > 0">
				<foreach collection="conditionAndRelations" item="cr">
					${cr.andOr}
					<foreach collection="cr.conditions" item="c" open="(" separator="AND" close=")">
						${c.field} ${c.op}
						<choose>
							<when test="c.valueList != null">
								<foreach collection="c.valueList" item="val" separator="," open="(" close=")">
									#{val}
								</foreach>
							</when>
							<when test="c.value != null">
								#{c.value}
							</when>
						</choose>

					</foreach>

				</foreach>
			</if>
		</where>
		<if test="orderBys != null and orderBys.size() > 0">
			ORDER BY
			<foreach collection="orderBys" item="ob" separator="," >
				${ob.orderBySql}
			</foreach>
		</if>
		<if test="limit != null">
		   LIMIT #{limit}
		   <if test="offset != null">
		   OFFSET #{offset}
		   </if>
		</if>
	</select>

</mapper>