<?xml version="1.0" encoding="UTF-8" ?>
<!DOCTYPE mapper PUBLIC "-//mybatis.org//DTD Mapper 3.0//EN" "http://mybatis.org/dtd/mybatis-3-mapper.dtd" >
<mapper namespace="com.vipshop.adp.common.dao.AdpStoreGoodsMapper" >
  <resultMap id="BaseResultMap" type="com.vipshop.adp.common.entity.AdpStoreGoods" >
    <id column="id" property="id" jdbcType="BIGINT" />
    <result column="user_id" property="userId" jdbcType="BIGINT" />
    <result column="store_id" property="storeId" jdbcType="BIGINT" />
    <result column="goods_ids" property="goodsIds" jdbcType="VARCHAR" />
    <result column="brand_ids" property="brandIds" jdbcType="VARCHAR" />
    <result column="scheme_code" property="schemeCode" jdbcType="VARCHAR" />
    <result column="store_ad" property="storeAd" jdbcType="SMALLINT" />
    <result column="cps_breif" property="cpsBreif" jdbcType="VARCHAR" />
    <result column="is_top" property="isTop" jdbcType="TINYINT" />
    <result column="is_active" property="isActive" jdbcType="TINYINT" />
    <result column="is_deleted" property="isDeleted" jdbcType="TINYINT" />
    <result column="create_by" property="createBy" jdbcType="BIGINT" />
    <result column="create_time" property="createTime" jdbcType="TIMESTAMP" />
    <result column="update_by" property="updateBy" jdbcType="BIGINT" />
    <result column="update_time" property="updateTime" jdbcType="TIMESTAMP" />
  </resultMap>
  <sql id="Base_Column_List" >
    id, user_id, store_id, goods_ids, brand_ids, scheme_code, store_ad, cps_breif, is_top, 
    is_active, is_deleted, create_by, create_time, update_by, update_time
  </sql>
  <select resultMap="BaseResultMap" parameterType="java.lang.Long" id="selectById" >
    select 
    <include refid="Base_Column_List" />
    from adp_store_goods
    where id = #{id,jdbcType=BIGINT}
  </select>
  <delete parameterType="java.lang.Long" id="deleteById" >
    delete from adp_store_goods
    where id = #{id,jdbcType=BIGINT}
  </delete>
  <insert id="insert" parameterType="com.vipshop.adp.common.entity.AdpStoreGoods" useGeneratedKeys="true" keyProperty="id" >
    insert into adp_store_goods (user_id, store_id, goods_ids, 
      brand_ids, scheme_code, store_ad, 
      cps_breif, is_top, is_active, 
      is_deleted, create_by, create_time, 
      update_by, update_time)
    values (#{userId,jdbcType=BIGINT}, #{storeId,jdbcType=BIGINT}, #{goodsIds,jdbcType=VARCHAR}, 
      #{brandIds,jdbcType=VARCHAR}, #{schemeCode,jdbcType=VARCHAR}, #{storeAd,jdbcType=SMALLINT}, 
      #{cpsBreif,jdbcType=VARCHAR}, #{isTop,jdbcType=TINYINT}, #{isActive,jdbcType=TINYINT}, 
      #{isDeleted,jdbcType=TINYINT}, #{createBy,jdbcType=BIGINT}, #{createTime,jdbcType=TIMESTAMP}, 
      #{updateBy,jdbcType=BIGINT}, #{updateTime,jdbcType=TIMESTAMP})
  </insert>
  <insert parameterType="com.vipshop.adp.common.entity.AdpStoreGoods" useGeneratedKeys="true" keyProperty="id" id="insertSelective" >
    insert into adp_store_goods
    <trim prefix="(" suffix=")" suffixOverrides="," >
      <if test="userId != null" >
        user_id,
      </if>
      <if test="storeId != null" >
        store_id,
      </if>
      <if test="goodsIds != null" >
        goods_ids,
      </if>
      <if test="brandIds != null" >
        brand_ids,
      </if>
      <if test="schemeCode != null" >
        scheme_code,
      </if>
      <if test="storeAd != null" >
        store_ad,
      </if>
      <if test="cpsBreif != null" >
        cps_breif,
      </if>
      <if test="isTop != null" >
        is_top,
      </if>
      <if test="isActive != null" >
        is_active,
      </if>
      <if test="isDeleted != null" >
        is_deleted,
      </if>
      <if test="createBy != null" >
        create_by,
      </if>
      <if test="createTime != null" >
        create_time,
      </if>
      <if test="updateBy != null" >
        update_by,
      </if>
      <if test="updateTime != null" >
        update_time,
      </if>
    </trim>
    <trim prefix="values (" suffix=")" suffixOverrides="," >
      <if test="userId != null" >
        #{userId,jdbcType=BIGINT},
      </if>
      <if test="storeId != null" >
        #{storeId,jdbcType=BIGINT},
      </if>
      <if test="goodsIds != null" >
        #{goodsIds,jdbcType=VARCHAR},
      </if>
      <if test="brandIds != null" >
        #{brandIds,jdbcType=VARCHAR},
      </if>
      <if test="schemeCode != null" >
        #{schemeCode,jdbcType=VARCHAR},
      </if>
      <if test="storeAd != null" >
        #{storeAd,jdbcType=SMALLINT},
      </if>
      <if test="cpsBreif != null" >
        #{cpsBreif,jdbcType=VARCHAR},
      </if>
      <if test="isTop != null" >
        #{isTop,jdbcType=TINYINT},
      </if>
      <if test="isActive != null" >
        #{isActive,jdbcType=TINYINT},
      </if>
      <if test="isDeleted != null" >
        #{isDeleted,jdbcType=TINYINT},
      </if>
      <if test="createBy != null" >
        #{createBy,jdbcType=BIGINT},
      </if>
      <if test="createTime != null" >
        #{createTime,jdbcType=TIMESTAMP},
      </if>
      <if test="updateBy != null" >
        #{updateBy,jdbcType=BIGINT},
      </if>
      <if test="updateTime != null" >
        #{updateTime,jdbcType=TIMESTAMP},
      </if>
    </trim>
  </insert>
  <update parameterType="com.vipshop.adp.common.entity.AdpStoreGoods" id="updateSelective" >
    update adp_store_goods
    <set >
      <if test="userId != null" >
        user_id = #{userId,jdbcType=BIGINT},
      </if>
      <if test="storeId != null" >
        store_id = #{storeId,jdbcType=BIGINT},
      </if>
      <if test="goodsIds != null" >
        goods_ids = #{goodsIds,jdbcType=VARCHAR},
      </if>
      <if test="brandIds != null" >
        brand_ids = #{brandIds,jdbcType=VARCHAR},
      </if>
      <if test="schemeCode != null" >
        scheme_code = #{schemeCode,jdbcType=VARCHAR},
      </if>
      <if test="storeAd != null" >
        store_ad = #{storeAd,jdbcType=SMALLINT},
      </if>
      <if test="cpsBreif != null" >
        cps_breif = #{cpsBreif,jdbcType=VARCHAR},
      </if>
      <if test="isTop != null" >
        is_top = #{isTop,jdbcType=TINYINT},
      </if>
      <if test="isActive != null" >
        is_active = #{isActive,jdbcType=TINYINT},
      </if>
      <if test="isDeleted != null" >
        is_deleted = #{isDeleted,jdbcType=TINYINT},
      </if>
      <if test="createBy != null" >
        create_by = #{createBy,jdbcType=BIGINT},
      </if>
      <if test="createTime != null" >
        create_time = #{createTime,jdbcType=TIMESTAMP},
      </if>
      <if test="updateBy != null" >
        update_by = #{updateBy,jdbcType=BIGINT},
      </if>
      <if test="updateTime != null" >
        update_time = #{updateTime,jdbcType=TIMESTAMP},
      </if>
    </set>
    where id = #{id,jdbcType=BIGINT}
  </update>
  <update parameterType="com.vipshop.adp.common.entity.AdpStoreGoods" id="update" >
    update adp_store_goods
    set user_id = #{userId,jdbcType=BIGINT},
      store_id = #{storeId,jdbcType=BIGINT},
      goods_ids = #{goodsIds,jdbcType=VARCHAR},
      brand_ids = #{brandIds,jdbcType=VARCHAR},
      scheme_code = #{schemeCode,jdbcType=VARCHAR},
      store_ad = #{storeAd,jdbcType=SMALLINT},
      cps_breif = #{cpsBreif,jdbcType=VARCHAR},
      is_top = #{isTop,jdbcType=TINYINT},
      is_active = #{isActive,jdbcType=TINYINT},
      is_deleted = #{isDeleted,jdbcType=TINYINT},
      create_by = #{createBy,jdbcType=BIGINT},
      create_time = #{createTime,jdbcType=TIMESTAMP},
      update_by = #{updateBy,jdbcType=BIGINT},
      update_time = #{updateTime,jdbcType=TIMESTAMP}
    where id = #{id,jdbcType=BIGINT}
  </update>
  <delete id="deleteByFeature" parameterType="com.vipshop.adp.common.entity.AdpStoreGoods" >
    delete from adp_store_goods
	<where> 
	      <if test="id != null" >
          and id = #{id,jdbcType=BIGINT}
    </if>
    <if test="userId != null" >
          and user_id = #{userId,jdbcType=BIGINT}
    </if>
    <if test="storeId != null" >
          and store_id = #{storeId,jdbcType=BIGINT}
    </if>
    <if test="goodsIds != null" >
          and goods_ids = #{goodsIds,jdbcType=VARCHAR}
    </if>
    <if test="brandIds != null" >
          and brand_ids = #{brandIds,jdbcType=VARCHAR}
    </if>
    <if test="schemeCode != null" >
          and scheme_code = #{schemeCode,jdbcType=VARCHAR}
    </if>
    <if test="storeAd != null" >
          and store_ad = #{storeAd,jdbcType=SMALLINT}
    </if>
    <if test="cpsBreif != null" >
          and cps_breif = #{cpsBreif,jdbcType=VARCHAR}
    </if>
    <if test="isTop != null" >
          and is_top = #{isTop,jdbcType=TINYINT}
    </if>
    <if test="isActive != null" >
          and is_active = #{isActive,jdbcType=TINYINT}
    </if>
    <if test="isDeleted != null" >
          and is_deleted = #{isDeleted,jdbcType=TINYINT}
    </if>
    <if test="createBy != null" >
          and create_by = #{createBy,jdbcType=BIGINT}
    </if>
    <if test="createTime != null" >
          and create_time = #{createTime,jdbcType=TIMESTAMP}
    </if>
    <if test="updateBy != null" >
          and update_by = #{updateBy,jdbcType=BIGINT}
    </if>
    <if test="updateTime != null" >
          and update_time = #{updateTime,jdbcType=TIMESTAMP}
    </if>

 </where>
    </delete>

  <select id="selectByFeature" parameterType="com.vipshop.adp.common.entity.AdpStoreGoods" resultMap="BaseResultMap">
    select
    <include refid="Base_Column_List" />
    from adp_store_goods
	where 1=1
	    <if test="id != null" >
          and id = #{id,jdbcType=BIGINT}
    </if>
    <if test="userId != null" >
          and user_id = #{userId,jdbcType=BIGINT}
    </if>
    <if test="storeId != null" >
          and store_id = #{storeId,jdbcType=BIGINT}
    </if>
    <if test="goodsIds != null" >
          and goods_ids = #{goodsIds,jdbcType=VARCHAR}
    </if>
    <if test="brandIds != null" >
          and brand_ids = #{brandIds,jdbcType=VARCHAR}
    </if>
    <if test="schemeCode != null" >
          and scheme_code = #{schemeCode,jdbcType=VARCHAR}
    </if>
    <if test="storeAd != null" >
          and store_ad = #{storeAd,jdbcType=SMALLINT}
    </if>
    <if test="cpsBreif != null" >
          and cps_breif = #{cpsBreif,jdbcType=VARCHAR}
    </if>
    <if test="isTop != null" >
          and is_top = #{isTop,jdbcType=TINYINT}
    </if>
    <if test="isActive != null" >
          and is_active = #{isActive,jdbcType=TINYINT}
    </if>
    <if test="isDeleted != null" >
          and is_deleted = #{isDeleted,jdbcType=TINYINT}
    </if>
    <if test="createBy != null" >
          and create_by = #{createBy,jdbcType=BIGINT}
    </if>
    <if test="createTime != null" >
          and create_time = #{createTime,jdbcType=TIMESTAMP}
    </if>
    <if test="updateBy != null" >
          and update_by = #{updateBy,jdbcType=BIGINT}
    </if>
    <if test="updateTime != null" >
          and update_time = #{updateTime,jdbcType=TIMESTAMP}
    </if>

  </select>

  <select id="selectByFieldList" parameterType="map" resultMap="BaseResultMap">
    select
    <include refid="Base_Column_List" />
    from adp_store_goods
    where ${field} in
    <foreach close=")" collection="values" item="val" open="(" separator=",">
	        #{val}
  </foreach>
  </select>

<select id="selectByCriteria" resultMap="BaseResultMap" parameterType="com.vipshop.adp.common.dao.QCriteria">
		SELECT
		<include refid="Base_Column_List" />
		FROM adp_store_goods
		<where>
			<if test="conditionAndRelations != null and conditionAndRelations.size() > 0">
				<foreach collection="conditionAndRelations" item="cr">
					${cr.andOr}
					<foreach collection="cr.conditions" item="c" open="(" separator="AND" close=")">
						${c.field} ${c.op}
						<choose>
							<when test="c.valueList != null">
								<foreach collection="c.valueList" item="val" separator="," open="(" close=")">
									#{val}
								</foreach>
							</when>
							<when test="c.value != null">
								#{c.value}
							</when>
						</choose>

					</foreach>

				</foreach>
			</if>
		</where>
		<if test="orderBys != null and orderBys.size() > 0">
			ORDER BY
			<foreach collection="orderBys" item="ob" separator="," >
				${ob.orderBySql}
			</foreach>
		</if>
		<if test="limit != null">
		   LIMIT #{limit}
		   <if test="offset != null">
		   OFFSET #{offset}
		   </if>
		</if>
	</select>

<select id="selectRawByCriteria" resultType="map" parameterType="com.vipshop.adp.common.dao.SelectableCriteria">
		SELECT
		<if test="selects != null"> 
			${selects} 
		</if> 
		<if test="selects == null"> 
			<include refid="Base_Column_List" /> 
		</if> 
		FROM adp_store_goods
		<where>
			<if test="conditionAndRelations != null and conditionAndRelations.size() > 0">
				<foreach collection="conditionAndRelations" item="cr">
					${cr.andOr}
					<foreach collection="cr.conditions" item="c" open="(" separator="AND" close=")">
						${c.field} ${c.op}
						<choose>
							<when test="c.valueList != null">
								<foreach collection="c.valueList" item="val" separator="," open="(" close=")">
									#{val}
								</foreach>
							</when>
							<when test="c.value != null">
								#{c.value}
							</when>
						</choose>

					</foreach>

				</foreach>
			</if>
		</where>
		<if test="orderBys != null and orderBys.size() > 0">
			ORDER BY
			<foreach collection="orderBys" item="ob" separator="," >
				${ob.orderBySql}
			</foreach>
		</if>
		<if test="limit != null">
		   LIMIT #{limit}
		   <if test="offset != null">
		   OFFSET #{offset}
		   </if>
		</if>
	</select>

</mapper>