<?xml version="1.0" encoding="UTF-8"?>
<!DOCTYPE generatorConfiguration
  PUBLIC "-//mybatis.org//DTD MyBatis Generator Configuration 1.0//EN"
  "http://mybatis.org/dtd/mybatis-generator-config_1_0.dtd">

<generatorConfiguration>
	<classPathEntry
		location="E:\maven-repository\mysql\mysql-connector-java\5.1.27\mysql-connector-java-5.1.27.jar" />
		<classPathEntry location="E:\maven-repository\my\demo\mybatisgendemo\0.0.1-SNAPSHOT\mybatisgendemo-0.0.1-SNAPSHOT.jar"/>

	<context id="MysqlTables" targetRuntime="MyBatis3">
		<plugin type="my.demo.mybatisgendemo.MyGenPlugin">
		</plugin>
		
		<commentGenerator type="my.demo.mybatisgendemo.MyCommentGenerator">	
			
		</commentGenerator>

		<jdbcConnection driverClass="com.mysql.jdbc.Driver"
			connectionURL="jdbc:mysql://192.168.31.2:3306/stumng" userId="root"
			password="123456" />
<!-- 		<jdbcConnection driverClass="com.mysql.jdbc.Driver" -->
<!-- 		connectionURL="jdbc:mysql://192.168.12.188:3306/acct" userId="mogodev" -->
<!-- 		password="mogodev1234" /> -->

		<javaTypeResolver>
			<property name="forceBigDecimals" value="true" />
		</javaTypeResolver>



		<javaModelGenerator targetPackage="com.mogoroom.service.flat.domain"
			targetProject="src/main/gen">
			<property name="enableSubPackages" value="true" />
			<property name="trimStrings" value="true" />
<!-- 			<property name="rootClass" value="com.mogoroom.service.ac.newpriceo.domain.BaseEntity" /> -->
		</javaModelGenerator>

		<sqlMapGenerator targetPackage="com.mogoroom.service.flat.dao.resources"
			targetProject="src/main/gen">
			<property name="enableSubPackages" value="true" />
		</sqlMapGenerator>

		<javaClientGenerator type="XMLMAPPER"
			targetPackage="com.mogoroom.service.flat.dao" targetProject="src/main/gen">
			<property name="enableSubPackages" value="true" />
		</javaClientGenerator>

		<!-- <table schema="DB2ADMIN" tableName="ALLTYPES" domainObjectName="Customer" 
			> -->
		<!-- <property name="useActualColumnNames" value="true"/> -->
		<!-- <generatedKey column="ID" sqlStatement="DB2" identity="true" /> -->
		<!-- <columnOverride column="DATE_FIELD" property="startDate" /> -->
		<!-- <ignoreColumn column="FRED" /> -->
		<!-- <columnOverride column="LONG_VARCHAR_FIELD" jdbcType="VARCHAR" /> -->
		<!-- </table> -->
		
		<table tableName="student" domainObjectName="Student"
			enableCountByExample="false" enableDeleteByExample="false"
			enableSelectByExample="false" enableUpdateByExample="false">
<!-- 			<property name="useActualColumnNames" value="true" /> -->
			<generatedKey column="id" sqlStatement="JDBC" />
		</table>
		<table tableName="course" domainObjectName="Course"
			enableCountByExample="false" enableDeleteByExample="false"
			enableSelectByExample="false" enableUpdateByExample="false">
<!-- 			<property name="useActualColumnNames" value="true" /> -->
			<generatedKey column="id" sqlStatement="JDBC" />
		</table>
		<table tableName="stucourse" domainObjectName="StuCourse"
			enableCountByExample="false" enableDeleteByExample="false"
			enableSelectByExample="false" enableUpdateByExample="false">
<!-- 			<property name="useActualColumnNames" value="true" /> -->
			<generatedKey column="id" sqlStatement="JDBC" />
		</table>
<!-- 		<table schema="mogo_dev" tableName="flat_roomPriceBizType" domainObjectName="RoomPriceBizType" -->
<!-- 			enableCountByExample="false" enableDeleteByExample="false" -->
<!-- 			enableSelectByExample="false" enableUpdateByExample="false"> -->
<!-- 			<property name="useActualColumnNames" value="true" /> -->
<!-- 			<generatedKey column="id" sqlStatement="JDBC" /> -->
<!-- 		</table> -->
<!-- 		<table schema="mogo_dev" tableName="flat_roomPrice" domainObjectName="RoomPriceNew" -->
<!-- 			enableCountByExample="false" enableDeleteByExample="false" -->
<!-- 			enableSelectByExample="false" enableUpdateByExample="false"> -->
<!-- 			<property name="useActualColumnNames" value="true" /> -->
<!-- 			<generatedKey column="id" sqlStatement="JDBC" /> -->
<!-- 		</table> -->
<!-- 		<table schema="mogo_dev" tableName="flat_roomBasePrice" domainObjectName="RoomBasePrice" -->
<!-- 			enableCountByExample="false" enableDeleteByExample="false" -->
<!-- 			enableSelectByExample="false" enableUpdateByExample="false"> -->
<!-- 			<property name="useActualColumnNames" value="true" /> -->
<!-- 			<generatedKey column="id" sqlStatement="JDBC" /> -->
<!-- 		</table> -->
<!-- 		<table schema="mogo_dev" tableName="flat_roomPriceDtl" domainObjectName="RoomPriceDtl" -->
<!-- 			enableCountByExample="false" enableDeleteByExample="false" -->
<!-- 			enableSelectByExample="false" enableUpdateByExample="false"> -->
<!-- 			<property name="useActualColumnNames" value="true" /> -->
<!-- 			<generatedKey column="id" sqlStatement="JDBC" /> -->
<!-- 		</table>			 -->
		
		

	</context>
</generatorConfiguration>