<?xml version="1.0" encoding="UTF-8"?>
<!DOCTYPE generatorConfiguration
  PUBLIC "-//mybatis.org//DTD MyBatis Generator Configuration 1.0//EN"
  "http://mybatis.org/dtd/mybatis-generator-config_1_0.dtd">

<generatorConfiguration>
	<classPathEntry location="D:\Users\bricks.mong\.m2\repository\mysql\mysql-connector-java\5.1.15\mysql-connector-java-5.1.15.jar" />


	<context id="MysqlTables" targetRuntime="MyBatis3">
		<plugin type="my.demo.mybatisgendemo.MyGenPlugin">
		</plugin>

		<commentGenerator type="my.demo.mybatisgendemo.MyCommentGenerator">

		</commentGenerator>

		<!-- <jdbcConnection driverClass="com.mysql.jdbc.Driver" -->
		<!-- connectionURL="jdbc:mysql://192.168.31.2:3306/acct" userId="root" -->
		<!-- password="123456" /> -->
		<jdbcConnection driverClass="com.mysql.jdbc.Driver" connectionURL="jdbc:mysql://10.198.198.204/cps"
			userId="root" password="123456" />

		<javaTypeResolver>
			<property name="forceBigDecimals" value="true" />
		</javaTypeResolver>



		<javaModelGenerator targetPackage="com.vipshop.adp.common.entity" targetProject="src/main/gen">
			<property name="enableSubPackages" value="true" />
			<property name="trimStrings" value="true" />
			<!-- <property name="rootClass" value="com.mogoroom.service.acct.dao.domain.BaseEntity" /> -->
		</javaModelGenerator>

		<sqlMapGenerator targetPackage="mapper.common" targetProject="src/main/gen">
			<property name="enableSubPackages" value="true" />
		</sqlMapGenerator>

		<javaClientGenerator type="XMLMAPPER" targetPackage="com.vipshop.adp.common.dao"
			targetProject="src/main/gen">
			<property name="enableSubPackages" value="true" />
		</javaClientGenerator>

		 <!-- <table tableName="adp_monitor_spot" domainObjectName="AdpMonitorSpot" enableCountByExample="false"
			enableDeleteByExample="false" enableSelectByExample="false" enableUpdateByExample="false">
			<property name="useActualColumnNames" value="false" />
			<generatedKey column="id" sqlStatement="JDBC" />
		</table> -->
		<!--<table tableName="adp_dict" domainObjectName="AdpDict" enableCountByExample="false"
			enableDeleteByExample="false" enableSelectByExample="false" enableUpdateByExample="false">
			<property name="useActualColumnNames" value="false" />
			<generatedKey column="id" sqlStatement="JDBC" />
		</table>
		<table tableName="uws_a_promotion" domainObjectName="UwsAPromotion" enableCountByExample="false"
			enableDeleteByExample="false" enableSelectByExample="false" enableUpdateByExample="false">
			<property name="useActualColumnNames" value="false" />
			<generatedKey column="id" sqlStatement="JDBC" />
		</table> -->
		<!-- <table tableName="adp_opsmenu_tpl" domainObjectName="AdpOpsMenuTpl" enableCountByExample="false"
			enableDeleteByExample="false" enableSelectByExample="false" enableUpdateByExample="false">
			<property name="useActualColumnNames" value="false" />
			<generatedKey column="id" sqlStatement="JDBC" />
		</table>
		<table tableName="adp_opsmenu" domainObjectName="AdpOpsMenu" enableCountByExample="false"
			enableDeleteByExample="false" enableSelectByExample="false" enableUpdateByExample="false">
			<property name="useActualColumnNames" value="false" />
			<generatedKey column="id" sqlStatement="JDBC" />
		</table> -->
		
		<!-- <table tableName="adp_discovery_article" domainObjectName="AdpDiscoveryArticle" enableCountByExample="false"
			enableDeleteByExample="false" enableSelectByExample="false" enableUpdateByExample="false">
			<property name="useActualColumnNames" value="false" />
			<generatedKey column="id" sqlStatement="JDBC" />
		</table>
		 -->
		 
		 <!-- <table tableName="adp_promote_activity" domainObjectName="AdpPromoteActivity" enableCountByExample="false"
			enableDeleteByExample="false" enableSelectByExample="false" enableUpdateByExample="false">
			<property name="useActualColumnNames" value="false" />
			<generatedKey column="id" sqlStatement="JDBC" />
		</table> -->
		<!--  <table tableName="adp_promote_activity_brand" domainObjectName="AdpPromoteActivityBrand" enableCountByExample="false"
			enableDeleteByExample="false" enableSelectByExample="false" enableUpdateByExample="false">
			<property name="useActualColumnNames" value="false" />
			<generatedKey column="id" sqlStatement="JDBC" />
		</table>
		<table tableName="adp_promote_brand" domainObjectName="AdpPromoteBrand" enableCountByExample="false"
			enableDeleteByExample="false" enableSelectByExample="false" enableUpdateByExample="false">
			<property name="useActualColumnNames" value="false" />
			<generatedKey column="id" sqlStatement="JDBC" />
		</table> -->
		
		        
		
		 <!-- <table tableName="adp_coupon_offer_rule" domainObjectName="AdpCouponOfferRule" enableCountByExample="false"
			enableDeleteByExample="false" enableSelectByExample="false" enableUpdateByExample="false">
			<property name="useActualColumnNames" value="false" />
			<generatedKey column="id" sqlStatement="JDBC" />
		</table>
		<table tableName="adp_coupon_offer_rule_detail" domainObjectName="AdpCouponOfferRuleDetail" enableCountByExample="false"
			enableDeleteByExample="false" enableSelectByExample="false" enableUpdateByExample="false">
			<property name="useActualColumnNames" value="false" />
			<generatedKey column="id" sqlStatement="JDBC" />
		</table>
		<table tableName="adp_coupon_main" domainObjectName="AdpCouponMain" enableCountByExample="false"
			enableDeleteByExample="false" enableSelectByExample="false" enableUpdateByExample="false">
			<property name="useActualColumnNames" value="false" />
			<generatedKey column="id" sqlStatement="JDBC" />
		</table> -->
		<!-- <table tableName="cps_a_transaction" domainObjectName="CpsATransaction" enableCountByExample="false"
			enableDeleteByExample="false" enableSelectByExample="false" enableUpdateByExample="false">
			<property name="useActualColumnNames" value="false" />
			<generatedKey column="id" sqlStatement="JDBC" />
		</table>
		<table tableName="uws_a_order" domainObjectName="UwsAOrder" enableCountByExample="false"
			enableDeleteByExample="false" enableSelectByExample="false" enableUpdateByExample="false">
			<property name="useActualColumnNames" value="false" />
			<generatedKey column="id" sqlStatement="JDBC" />
		</table> -->
		
		<!-- <table tableName="cps_a_transaction_archive" domainObjectName="CpsATransactionArchive" enableCountByExample="false"
			enableDeleteByExample="false" enableSelectByExample="false" enableUpdateByExample="false">
			<property name="useActualColumnNames" value="false" />
			<generatedKey column="id" sqlStatement="JDBC" />
			
		</table> -->
		
		<!-- <table tableName="adp_order_monitorspot" domainObjectName="AdpOrderMonitorspot" enableCountByExample="false"
			enableDeleteByExample="false" enableSelectByExample="false" enableUpdateByExample="false">
			<property name="useActualColumnNames" value="false" />
			<generatedKey column="id" sqlStatement="JDBC" />
			
		</table> -->
		
		<!-- <table tableName="cps_a_banner_platform" domainObjectName="CpsABannerPlatform" enableCountByExample="false"
			enableDeleteByExample="false" enableSelectByExample="false" enableUpdateByExample="false">
			<property name="useActualColumnNames" value="false" />
			<generatedKey column="id" sqlStatement="JDBC" />
			
			</table> -->
		
		<!-- <table tableName="adp_user_nameauth" domainObjectName="AdpUserNameAuth" enableCountByExample="false"
			enableDeleteByExample="false" enableSelectByExample="false" enableUpdateByExample="false">
			<property name="useActualColumnNames" value="false" />
			<generatedKey column="id" sqlStatement="JDBC" />
			
		</table> -->
		 
		<!--  <table tableName="cps_w_payout_tax" domainObjectName="CpsWPayoutTax" enableCountByExample="false"
			enableDeleteByExample="false" enableSelectByExample="false" enableUpdateByExample="false">
			<property name="useActualColumnNames" value="false" />
			<generatedKey column="id" sqlStatement="JDBC" />
			
		</table> -->
		
		<!--  <table tableName="adp_inviteincome_sum_period" domainObjectName="AdpInviteIncomeSumPeriod" enableCountByExample="false"
			enableDeleteByExample="false" enableSelectByExample="false" enableUpdateByExample="false">
			<property name="useActualColumnNames" value="false" />
			<generatedKey column="id" sqlStatement="JDBC" />
			
		</table> -->
		
		 <!-- <table tableName="adp_user_configs" domainObjectName="AdpUserConfigs" enableCountByExample="false"
			enableDeleteByExample="false" enableSelectByExample="false" enableUpdateByExample="false">
			<property name="useActualColumnNames" value="false" />
			<generatedKey column="id" sqlStatement="JDBC" />
			
		</table> -->
<table tableName="adp_store_goods" domainObjectName="AdpStoreGoods" enableCountByExample="false"
			enableDeleteByExample="false" enableSelectByExample="false" enableUpdateByExample="false">
			<property name="useActualColumnNames" value="false" />
			<generatedKey column="id" sqlStatement="JDBC" />
			
		</table>
		<table tableName="adp_store_info" domainObjectName="AdpStoreInfo" enableCountByExample="false"
			enableDeleteByExample="false" enableSelectByExample="false" enableUpdateByExample="false">
			<property name="useActualColumnNames" value="false" />
			<generatedKey column="id" sqlStatement="JDBC" />
			
		</table>


	</context>
</generatorConfiguration>